t,phase,n,n_normal,p_used_gf,p_lplc2_only,mean_z_gf,mean_z_lplc2,mean_leak_share,mean_fitness
0,select,400,400,1.0,0.0,-0.0010270870554324877,-0.002241135793601009,0.3748358077220907,0.4998152623723265
1,select,380,0,1.0,0.0,-0.001859847629997315,0.00010114154447505479,0.375614084378033,0.49976174900855697
2,select,376,0,1.0,0.0,-0.0034262724182755485,0.0019541311288014318,0.37554093395029403,0.4996791194658686
3,select,362,0,1.0,0.0,-0.000957571374508274,0.001457352763928587,0.3752087069032069,0.4996208285741435
4,select,358,0,1.0,0.0,-0.0037127920316256838,0.0020834141466173155,0.37611322210133313,0.4995592695494759
5,select,348,0,1.0,0.0,-0.005985442691171462,0.0004931111655320329,0.37547958290777145,0.4994937065697272
6,select,324,0,1.0,0.0,-0.006008057114008815,-0.0032439143345989706,0.3745505102113011,0.49945840832456473
7,select,316,0,1.0,0.0,-0.0023197945777350135,-0.010059606504541293,0.37300507176938413,0.4993564456406815
8,select,312,0,0.9967948717948718,0.003205128205128205,-0.007448596120771276,-0.015754362602571775,0.3717539979553135,0.5009015231396392
9,select,288,0,1.0,0.0,-0.01064075129239045,-0.014756297352481093,0.3723390300812859,0.49921874602041566
10,select,274,0,1.0,0.0,-0.014831538539150974,-0.014597294123881758,0.3730885033174595,0.4991656712873275
11,select,250,0,0.98,0.02,-0.019923921404161368,-0.011911790228879858,0.3732224019633803,0.5090547968545168
12,select,230,0,0.9826086956521739,0.017391304347826087,-0.026900709819382463,-0.009931151396384575,0.3748255636696749,0.5076081568764248
13,select,228,0,0.9824561403508771,0.013157894736842105,-0.02712112333922486,-0.010676126970791322,0.3763527643746778,0.5065343677137133
14,select,230,0,0.991304347826087,0.008695652173913044,-0.03575636740708455,-0.01246407563558496,0.37573474041567834,0.5031882897029887
15,select,212,0,0.9481132075471698,0.05188679245283019,-0.049543612854570304,-0.013440341974025855,0.3758610427290323,0.5245339686720946
16,select,202,0,0.9653465346534653,0.0297029702970297,-0.06115514227110989,-0.013120747363477235,0.37588489574815526,0.5146258113261883
17,select,205,0,0.9560975609756097,0.04390243902439024,-0.061722902084839354,-0.005668194350086144,0.3771673729936495,0.520338001518629
18,select,174,0,0.9252873563218391,0.07471264367816093,-0.06083339405585331,0.0016291886431873375,0.37851221130606283,0.5356004961389323
19,select,180,0,0.9666666666666667,0.03333333333333333,-0.06660765104623156,-0.0007834524546382557,0.37798330207654823,0.5149419001888399
20,select,180,0,0.9111111111111111,0.07777777777777778,-0.06443239481195202,0.004383002828672553,0.3792699433130429,0.5397835614352757
21,select,199,0,0.9447236180904522,0.04522613065326633,-0.07669001280819256,0.0050880134182901045,0.3796076829103123,0.5232056223135308
22,select,198,0,0.8484848484848485,0.13636363636363635,-0.08452213878824226,-0.005265697092412014,0.3773248171162908,0.5694013464561216
23,select,225,0,0.84,0.13777777777777778,-0.10306247162793296,-0.013952481419485158,0.37519210919544826,0.5717387028802242
24,select,247,0,0.7854251012145749,0.18218623481781376,-0.11275846635680971,-0.021348624694146088,0.37052942656080357,0.5960914045095929
25,select,295,0,0.752542372881356,0.2,-0.13073738094988155,-0.025030912691540955,0.36892294052955255,0.6086544007519464
26,select,320,0,0.725,0.240625,-0.1465944280571107,-0.0224181078968129,0.36735906145430064,0.6251669736512537
27,select,400,0,0.645,0.2925,-0.17735711440656302,-0.018153629493436102,0.3674980904250853,0.6575214353266037
28,select,400,0,0.5675,0.3825,-0.1961824221568874,-0.027195507220377942,0.36234237029079674,0.6987189043971749
29,select,400,0,0.51,0.415,-0.2216341908555191,-0.02855732138538179,0.36269122046484925,0.7205268723059448
30,select,400,0,0.46,0.48,-0.23217652580841136,-0.02980886890158029,0.3620949758012054,0.7490365056987524
31,select,400,0,0.4275,0.4925,-0.2456042781766274,-0.03741738057998062,0.3589613490042375,0.7600809730963087
32,select,400,0,0.3625,0.5625,-0.25687032441018365,-0.03922707606394468,0.35410325592524117,0.7933517414921265
33,select,400,0,0.3375,0.5875,-0.28042105368410103,-0.03530093818305999,0.3524182905769726,0.8048141551751269
34,select,400,0,0.28,0.6475,-0.2961941396961111,-0.02682324290708209,0.354027026049605,0.8337162618254241
35,select,400,0,0.255,0.66,-0.29642553320612447,-0.02930647225451636,0.351611930441704,0.8429609649738594
36,select,400,0,0.2225,0.6875,-0.3179116763943688,-0.03066451615921692,0.351514851264038,0.8573198992024825
37,select,400,0,0.205,0.7025,-0.31987215616736686,-0.02877615642779028,0.3505467533210536,0.8650731965282581
38,select,400,0,0.18,0.7525,-0.3283739033298561,-0.0186015954959995,0.3531612862251597,0.8836010814718079
39,select,400,0,0.18,0.7225,-0.33131152555932614,-0.02554757796858627,0.35106217925559124,0.875928380845306
40,select,400,0,0.16,0.7225,-0.3407988389397886,-0.029124096853058105,0.3485400802940444,0.8805443407035537
41,outcross,400,200,0.59,0.3675,-0.16938779689310365,-0.011846715034442646,0.3621753434518571,0.994338420412941
42,follow,400,0,0.655,0.3075,-0.16910364369305542,-0.011057780251619085,0.36530089289913303,0.9950269689816683
43,follow,400,0,0.655,0.325,-0.17630350545428278,-0.0058475843935032416,0.36601926021897296,0.9947788745922437
44,follow,400,0,0.6325,0.35,-0.17971963986223938,0.002134198402870705,0.36687869006691776,0.9944700983062276
45,follow,400,0,0.61,0.365,-0.18970466084342155,-0.0068338869786054215,0.36527813195860537,0.9941484688853334
46,follow,400,0,0.63,0.36,-0.18296831525109972,-0.005547202927627095,0.36645767058657325,0.9938524451560611
47,follow,400,0,0.665,0.325,-0.18030987754764766,-0.008916743268497722,0.3666847971788876,0.9941214034697246
48,follow,400,0,0.5925,0.3925,-0.18995599379224934,-0.009344142588216376,0.36792683037227425,0.9934421647746965
49,follow,400,0,0.645,0.325,-0.18746447789291223,-0.010246020305885301,0.36991567228515976,0.9936621565078795
50,follow,400,0,0.6425,0.3175,-0.1811215776300716,-0.012548371011436871,0.3708101574798375,0.9933341654215578
51,follow,400,0,0.655,0.3175,-0.19002378281316845,-0.009029065654157755,0.37131532468463413,0.993034692553495
52,follow,400,0,0.6,0.3775,-0.19413212180023875,-0.008969125494267944,0.3709516060713189,0.9927479627930492
53,follow,400,0,0.66,0.3,-0.18219079915633757,-0.006535584076951718,0.3717907245515935,0.992911851026378
54,follow,400,0,0.65,0.3075,-0.1879712173274948,0.003006852045916577,0.3753165925404176,0.9930518210066254
55,follow,400,0,0.6675,0.2875,-0.1879233848013312,0.005951931016621054,0.37677735889901937,0.9926966705299617
56,follow,400,0,0.65,0.305,-0.17957201761545238,-0.00389716769169461,0.37350029657842077,0.9928920964875081
57,follow,400,0,0.6425,0.305,-0.18377491132639162,-0.003910778747826082,0.37316815828169664,0.9927465831155733
58,follow,400,0,0.63,0.3175,-0.17884489574685214,0.001772922531650026,0.3731933923775037,0.9925604950243584
59,follow,400,0,0.6375,0.325,-0.1831077499626774,6.271597032907361e-05,0.3736521372441692,0.9924082022282752
60,follow,400,0,0.6525,0.2875,-0.17539676244014507,0.0016666492585155324,0.37584266421378115,0.9923431335553268
61,follow,400,0,0.685,0.2575,-0.17692564705054153,0.0070590437637467925,0.37656151816271843,0.9926190793205879
62,follow,400,0,0.6225,0.3275,-0.19164000974232556,0.0024356059598902844,0.3740590421134206,0.9923000031195741
63,follow,400,0,0.615,0.335,-0.1939743191967661,0.0015468893737807022,0.3725505661521482,0.9921999572004168
64,follow,400,0,0.605,0.3225,-0.19261062953507882,0.0033628425906153405,0.3733888127230851,0.9918975097198504
65,follow,400,0,0.625,0.3025,-0.20182949448982052,0.0024799066307885074,0.3720077380126597,0.9912644066253194
66,follow,400,0,0.58,0.3575,-0.20723408945050312,0.007332874242145338,0.3709763452496206,0.9909935701773963
67,follow,400,0,0.585,0.335,-0.22051180539614948,-0.0038694920811915435,0.36854846255986845,0.9902389993312614
68,follow,400,0,0.535,0.38,-0.22826320575826994,-0.004653505309161204,0.3689134244391775,0.9905135472107282
69,follow,400,0,0.495,0.4125,-0.24301128898337904,-0.0032302089774132025,0.3704067722233393,0.9901086802632687
70,follow,400,0,0.48,0.42,-0.2318805674654657,-0.010375982792897904,0.36657182982224584,0.9900400014844319
71,follow,400,0,0.4725,0.44,-0.24952423715421246,-0.009455419470245426,0.36531919945043745,0.9898551109655803
72,follow,400,0,0.5375,0.3725,-0.24107450146215081,0.0038732713200195514,0.3694866229888268,0.9894521033012315
73,follow,400,0,0.555,0.3425,-0.2319504757523765,-0.0038448254842439076,0.3689773585647855,0.9893261894109715
74,follow,400,0,0.515,0.4,-0.2389102286586222,-0.0011169048736654175,0.3699887686289468,0.989152242659307
75,follow,400,0,0.495,0.425,-0.2512243632593606,0.0004390572575642121,0.3720590089518418,0.9890621310118162
76,follow,400,0,0.5175,0.4125,-0.24716893038570326,-0.0023670201805962403,0.3724126010202632,0.9886941911102067
77,follow,400,0,0.525,0.4075,-0.23700465448797076,-0.0008902775550593705,0.3748324107385486,0.9886475611560225
78,follow,400,0,0.54,0.3625,-0.2254401779292535,0.0026798004865892567,0.37404402452760765,0.9890286637549434
79,follow,400,0,0.57,0.34,-0.21848416859175354,0.007978411831266715,0.37920385468104423,0.988595302863257
80,follow,400,0,0.5325,0.365,-0.2435015946015688,0.010626000840403636,0.3783225568128335,0.9875570697809914
81,follow,400,0,0.52,0.4075,-0.24527967261563194,0.018350545232194752,0.3791595012615104,0.9874506988992696
